run_id	seed	sequence	fitness_ga	parm_k562_score
seed_001	1	TTGTATGTCCTAACAACAGACAATTTTTTGTGTCACCGGTGACGTCAGTTACGGAAAGCGAAATGATCACGTGTTATGACTCAATCCTAACGCGGATGCGTATCATGAAGGGGCGTGGCGACGCACGCGCATGCGTCGTACGTCACTTCCGGTTCGGACGCCATATTTCCGGCGGTTTACGCCGGCTGTGTCGGTCGTTT	10.535711	11.535711
seed_002	2	TTCGCGTTATGATCGAAAAGTTTCCCACCAATTGTCAACGTCACAGAAGGAAGGAACTCAATGCTTCCGGCCTGCGCCTGACGTATGCGTTGGGGGGGCGGGCCCATCTAGCCGCGCGAGATGCGGAAGTCAACGTCAGTCTTGCGGCGGTGACGGTACGTCGGGGTGCTTCCGGCATCATGGCGGTGGTTCGTCCGCGG	9.352674	10.352674
seed_003	3	CCATTACTGTTCCGATAATGTTATGACTCGTGGATAACTGAGAAATTACGTCACACGCTCTTGAAAACGGAACTTTCATATAGAATACTGGGAATTTCGGTACAGTTATGACGTATAGGGGCGCTAGGTGTCGTACTGCGACGTGGCGGAACACTTCCGGCGCACTGCGCCGTGCATCCGGCTTCCGCGGCGGCTTCGAC	9.288414	10.288414
seed_004	4	CGCGTTGGTTAGAGGGAGAAGTAGTCATGTCGTAAACCTATCGCGCATGCACCGCGGTGCCGTAAGTAGCTGCGCAGGGGGGGGGGGACGTAGTTGGTGCGGAAGTTTCCGGTGCGTAATTTCCGTCGCGACGCCATTTCGGCGCTGCACCGCGGCGTGTGGCGTCGGTTTTGCGGTGTTGCGGAGTGAGCCGGTGATCG	9.447001	10.447001
seed_005	5	GAGATCTTCATTGGTTATAACTTAGGCGGATGTAGTCGGTGTCCCGTTGACGTATATAAGTCGTACAGCGGGTACACCTCGCGAGAGTCACCCTATAACGGCGCACCGGAAGGTAGGTAGTCGTAACGCCCGCCCGTCATCACTTCCGCGGAAGACTGACGAGATCGCTGCGTCCGGCGGTATGGCGCGGAACGGGCTCG	9.091785	10.091785
seed_006	6	CGATAGTCACCGTATCAGTGAGGCCTATAATGTCTCAGCCCGGAAGGACTTATCACGCTCTAGGGAGGGGAGGATGACGTAGTGCCAGAGTGCACTTCCTGACCCATCGATGGCGCATAGGGGGCGCCAGTTTCCCTTCCGGTGCGGGGCGCACTTCCGACGGCATGACGTACGACCGGTTTTCCGGCGGTGATCGGTGG	9.3606	10.3605995
seed_007	7	CAATGTGCGGACTCCGGTAATTCGGTCCTTTGAATATCGCGATATCTCCGTTTAGTGACGTACTTTTACGTCCTACGCATGTCTATAATTTTTGGAGGCGGGAGGATAACGTCAGGGCGTGGCTTGACGTCATCCGGGCCGGAAGTGACGTACTTCCGGTTTCACTTCCGGGTCATGGCGGAAGCTGTCGCGGAACCGCG	12.117956	13.117956
seed_008	8	ACGCGGAAGCCAATTAAGTAGAATGTCGCCTCTGACGTCATATCGCATAGGGACGTAAAACCGCCCATCCCCTACTTTAATTTCCGGTAGGGATGGTAGGCGTGGCATAGAGCGATGCGTCCGGAAGTGGGGCGACGCAGAAGCATCGCGCGACATCCGGAACGGGTCCGGTATGGCGGTGGTGAGTCGGTGAGTTGAGC	9.543548	10.543548
seed_009	9	ACCGTAGTGCTTTCCCGGTTGTATATTCGTGAGTCACAGGCTATCGACACGCTTAGTTTCCGTAGTAGATATTACGTTAGCGTTTCCGGCGAGCGCCTGATGACGTACGTGACGTAAAATGCGCGGCGCATGCGCGGAAAACCCGGAAGTACACGCCCCGGCGGAAGTACGCGTCATGATGGCGGCTGTGCGGCCTCGTT	10.401713	11.401713
seed_010	10	ATACCAGCCAATTAGATTGTTGATTTGCCTCTGAACTTCCTTATATAAATAGGCTTAGGTTACTGACGTCATCATACAACTTGCCCTCACGCTTCCGGTTAGATCACGCACAGAGCGCCCGCTCTCGCGCGCAGATGGCGGGCGCACATCGCACTTCCGGGCAGCGGAAGAGGACCTGTTCGGCGGCGGTGGGACTGCGG	10.162537	10.162537
seed_011	11	GGCTGTATCCGTTACTAAGTTGTCAAACAGCGCGCTTGGCTTGCAATACCCGCCCACATTAAGACCAATGAGACGTCTCCCGGAAGCCAGTGTCGTGAGCAGGGGAAGTACGCCATCATGGGCGGTCCCGTCAGTACCCCGCGTTACGTCCGGTGCGGTGCGTCCGCTTTCCGGGTTCTCCGTTGCGGCGGTCCGCGGTT	9.385658	10.385658
seed_012	12	ACTTCCATTAGTCGGAAGATGGCGCCAATGTAGGCTCGTACCGGAAATAGTGTGAGATCCATGACGTAATCAGTTGTCGTAAAGACGTTGACCCATAGGGTTAGTCTCTAGAGGAAGAGGAGCACGTGAGACGCTACGTCACGCGTCGCGCGTGACGTACGTATTGCGTCAGTTTCACTTCCGTGGCGGCGGCCGTTCGC	10.152328	10.1523285
seed_013	13	AAAATCGAAAGATGAAATTGCACCATATAAACGTGATTGGCGCATTGGTTGTGAGTCCGGAAGTAATGTTTCAGTCTGTTGGTTATCGCTATAACTAGCCACACCCATCGTTTTTTGCGCCGTAGCCCGCGGGTCATGACGTACTTCCGGGCGCGCACATTATGGCGGCTTCCGGCACCGTGGGGTCGCCGAGTTCGGCT	10.539448	10.539448
seed_014	14	TGCTGACGTAACCAAGTACTAATAAGACCAATCCGGGAGATTTTCCAATAGAGTCGCACGTATGCGTACTCGCTTAAAGTACGTCATGCCCTACGTTACATTACGTCGCCAAGGGGTGTCTCCCAGCGCCCTTGCCCCGGATGTCGTTGGCACCGGAAGTGGCACATCCGGCCATGCCGGATGTTGCGGCGGTCCTGCGG	9.758639	10.758639
seed_015	15	GCGGAATTGAGGGTATATTGCCCGCTTTACCCTAGAGAGGTATTTCCTGTGCGTAGGTTCTTTGCGGATTACGTCACGTGGCTGCGCTACCCACGAGATGGCGCTGTAGGCCGCACCGTAACTATGAGTCATCGGCGGAAGCCGGAAGCCGGAAGTGACGGCCATTTTGCGGCGCGTCGGGCGGCTTCGGCGGTAAGCTG	10.62121	11.62121
seed_016	16	CTCAATAAGCGATTAAGAGTCTTGGTGTTTTCATGCCCGCCCCATTGATGAGTTTCATAGGGCGGAAGTACACAAGCCGACACTTCCCCCTATCGTCTCGCGGGAGGCGTCCCATGCGCCCACTGTGCCACGCCCAGCCGGATGTGGAACGTAAGCCGGATGCGGCATGGCTTCCGGGTCCATTTTGGCGGTGAGCTTCG	9.374056	10.374056
seed_017	17	GACACATGCTAGAGTTTGGAAGTATGACAGGAACTGCAAGTTTCGTGAGGAGGTGACGTATACATCGAGATGTTAGTGGTTTTCGCGAGTTCCCGTCATCCCTGGGCACTTCCCCTTACCTCACGTACGTCATAACGTACAGTCGCACCGCGCGCGCCATTTTATGGCGGCGCCGGTTCCGGTACCGGGTCCGGCCGGCT	9.366008	10.366008
seed_018	18	CGCATATTTTAGGGCAACCTATAATCTAGTCGTCTACTATCGGCTTCCGGACGGTAGTAACGTATGATACGTAGGGTGGCGCTAGAGAGTGACCTCATCCCTGACGACATCCTCCTACGCGCTGTGACGTCCGCCCAGGTCGTAAGATGTCGCGAGGTCGTCAGATTCGCCGGAAGGGACGCGGTGAGTCGCGGTCTCGG	9.00884	10.00884
seed_019	19	ATACCGCGCAGTGTTCTCAACCCAATAAAAAAGTCTTACGTCACTAGGTGTGGTTCTGCCGTTTGGGTAGGAGGTGTTGCATTACGTCATAAGGGGTGATGCGCCATGTCGTGCGCAGTGCGCCCGTCGGCACATTGCGGCACTTCCTCATGGCGGTATCGCGAGGGTCCGGTGCGGAAGATGGCGACGAGGGTCCGGGA	9.64243	10.64243
seed_020	20	CGCATAATACTATAAAGCCTTAAACTGTGGATACTCTTGGTACGTTTAAATGGACGACAGCGATAGCGCTACGTAACAACCAATGGTGGGCGCCATAGAGCCAAATCAGGAAGTGGGGGGCAGGTGACGCAGACGGAAGTACCCGTGGCAGGCTCGCGACGTCGTGCGTCATCCGTTTCGCGTGGTGGTCGAGGTTCGGT	10.055704	10.055704
seed_021	21	TCGCAGCAACGAGGGTGACGCCATCGTATAAAAAATCCTCCAATAGTCGCTCTTACGTCACCTTCGCGCGCAGCGAGCGCCTGACGTCATCCACCCCCGTCAAACAGGATGTGGTAATCAGGGGTCGGTGCGGTTTCCGTCTTCCGCCGTTCCGTGTTCCGGTGTCGGTTCGGCGATCTTCGACGGCGGCTCGGTCTGCG	9.424776	10.424776
seed_022	22	ATGAGTAGTAGAATCGCTAAACACCGCTGTGAGACGTAGCACTTCCTGATGACAGTAGGGCGCCGTAGTTTCACTCCCGGGCGCCCATGCGTACATCTCGTGGGGGCTTGTCGCGAGATGTCAATTCCTACGTCATGGCCCGGTGCGTCATGCTGCGTGGCAGATGGCGGATGTCGGTGCGGCATTCCGGTCCGGTCGGC	9.397739	10.397739
seed_023	23	CTTAGCTCTATGGTAATTGTCTTATAACAGTCTGTGCCTATTGGGTGACCTAGATCATAGCGGTACGGAAGTTGTTTACATCAGCGTACGGTAGCTCCTCCCATAGCACGCGATAGTTCCCCATCCCACTTCCGCCCAGGTCTGGTGCGTCGCTCTCGCGATGCTTTCGGGGCACCGTTTCCGGCATGGCGCGGCCGGCG	9.167345	10.167345
seed_024	24	CGTTTAGTACAAAAAAACCTCGTCTTCAGCTATGACGTAAATGGCGGAGTCTCTCTAAGTTATAGAGGAGCGCATAGCCGATCGTTTTGCGATAGGGGGCGCGGTCACGTGACCCGGAAGTACGCCAGATCTCGCGAGATTTCGGTTTCCGCTTCCGGGGCGCACTTCCGCCGGACACGGCGCCCGCGGCCGCGGTCATT	11.572348	12.572348
seed_025	25	ATGTTATTTATTAGTTATTTTCGGAAAGGTCCGTGTCGTAATATTACGTCTAGCCGCTACGATGACTACAAGTCCCATTCGTCATAGACACGCCCAGATGTCATGCGTCATGCACGCATGGGGCAGGGCTTGCGTCGGTACATCCGGGTAGGGGGTCATCACCGGAAGTGCGGCAGGGTGGCATATGGCGGTCGCGACCG	9.385336	10.385336
seed_026	26	CACGTCGATTGGATATGAGCAAACCTGTAGACAACTCATTGGTTGGGAAGGGTGAGAGCACTATTGCGCGCATGCCCTATCGTAAGGCCTGCGCGACGCCATTTCGTCAAGAGGCGGGGCGGCACGGAAGACGGATGTGGTGCGCCGCGATAAAGATGGCGACGCGGTACGGCGGTCCGGTGGTGAGTTTCGGCGAGACT	10.223598	10.223598
seed_027	27	CTGTGTGTTATTGCTGCTAATCATATTGCGTAGACCAATCAACTTAGAAGCAGCGTCATCTAAGAGGAAGTATTCATGGGGGTGGGGCAGTCACTTCCCGTAACGCTCTGGCCCCGTAGTGCGTCCCGGAAATGACCCGGGAACTTACATGCGGCGGAAGTGCTGGGGTCCCCGGATCCCGGATGTTGGCGGCGGTTCGG	9.369682	10.369682
seed_028	28	TCTCACTCTTACTTGTAATGGTTATCTCCGGTATTGTCTTAACCAATGGAGTAAGAACGTAATTTGTCAGAGAGAAGCTACGCCGCTATATTGTAATAGCGACATGCGTCTTTACGTCATCCCTCACTTCGCAGGGGGAGGGCCGTGCGCGGTACAGGAAGTGGCACATTTTCGGCGGAAGTGAGGGTCTCTCGCCGGTT	9.194143	10.194143
seed_029	29	GTCCCATGATCTCGCCGTTATGTGAATGACGTCATTGTTCAATCGTGTTGGGTGTACCGCCTTAAGTGTGACGCTCTTCCGGGCGGAACCGGAACGGAACCAATCCTATGCCGCGCAGTATTCGCTTCCGGAAGTTCGTCACCGGAAGTACGACGTCACTTCCGGTTCCGGTTTCACTTCCGGAAGCGGCGGTAATCGGG	12.581169	12.581169
seed_030	30	ACAGTCCGACCCTCTTAGCCGGAAACAGGAGATACTACAGTTCCACCTTAGGATTCCGGAACTGACTTCATCGTAGTACCGTAGTACGTATGACGCAAGGGGGGCATTGGGGATGCGTCATAAACGGGCTTGCGACGTCTTTCCGGGCATGGCGCCGCGCCATATTGCGGACGGTAAAGATCGGGAGTCCGGCGGTCTGT	9.31505	10.31505
seed_031	31	TTCACTAGTCGCTCGCTAATTTTCTGAATCGCGAGATACGTCATTGCTAGGGTGCTGGGAAGTAATCCCTAGTGGTGTTGTAGTGCGTCATCCTGAATTACAGAGATGACGTACGGCTATGGCGGGCCCGTCGCCGCCGCCGGAAGTGACGACTTCCGGCGCGTTACGTCGCTTCCGGAAGTTGCCGGTTCGGTGGGCTC	10.357729	11.357729
seed_032	32	CCGGGACGGGAAAGGTTCCCCAAACCTTGCGTCACTGTTGTCACTTGGCCGATACCGGAAAGTAGGCCCCACTTCCGGTAACCCGGAAATAGGTTATGGGGCGGAGCCGCCTAACGTCACGTCGGCCGATTGGGCGGAGCGGAAGTGACGTCATGACGCAATTTCCGGATGGCGGCGGCCGGCGATCTCGGTCGTTCTCG	10.150084	11.150084
seed_033	33	CTACCTCATATATAACGTACGTCAATGGCGTAAAGGTTACGGGGGACGGGAAGTACGTGTACCTCATAGGGTGGCCATGTGGGATTGGGTGGAGTACGCTTCCGGGTACCTGCCCGGAAGTGGGTACGCACTTCCGTCGGGATGCGACGCGACGGTGGTTCCGGGCCGGATGGCGGCATGGTCGAGCGTCGGGTCGTCGG	9.461241	10.461241
seed_034	34	TACATGTCGCTTTCGTTTAGAAATATAGCGGTAGATTGACGCATTAGCGTCACTTCCTTATGGGCGGGTAGTTTAAGGGCTGGCCATATCGTAATAGTGCGCACCCGCGCTTTCGCGAGAGCTACATCGTACGTTGCGCGTCATGGCGTGGGGCGGAAGATGGCGGTGCCGGATGTTGTTGCGGTTCGAGCGGCGGTCTC	9.481423	10.481423
seed_035	35	CCGCGGCCTATCATGGGGATTACGCTACAGAGTTGCAAGATGGCGTTGTAAGGGGAGTGGCAATACGTAATCACCCGGTTAGCGTCATCACCCGGAGTCTGATGCGTCAACGCACCGCGCAGTGAGATGACGTAGGTGCCCCGGAAGTGCTGCGCGTCTCGCCGTGCGGGTATGGCGGTTCCGGATGGCGGTCCGGTCGA	9.412313	10.412313
seed_036	36	GCTCCAACTAATGTAATCATGCAATTTGCCCGATCAATAAGGATGACTCACCGGAACCCGGCCATGAGCCGCCGCGGCTAGAGGGCGGTGTACTGATCTCGCGCCGCCATTTACGTCATCGCGAGATGACGTAAGATCTCGCGAGCTACTTCCGGCTTCCGGCTACTTCCGGGTTCCGGCGGCGCCAGGTGCGGTCCGTT	11.296412	12.2964115
seed_037	37	GCTGTCGATTTTACTTTTTTTCGACATAGAACAATCGGACGTACTTCCGCCGAAGCGTGTGCGTATGACGTTGTATGATGTTACCAATCCGGCGCCCCGCAGGGGCGCGCATGTGCAATCTCGTCGCACTTCCGGCGCCGGAAGTGACGTCATTTCCGGTTGCGACGTCACTTCCGGCGGAAGTGGCGGATGTCGGTTGA	13.006933	14.006933
seed_038	38	AAGGTTAAGTGCTTTCTCCCATATCTCGTGATAAGTCGGGCCCACGTAGTTCCTGTGTAATTGGTTGATGCTACCTAAAGGTTTCCGGGTCACCTACGCCCTAGTTTCGTCAGGCAGGGCGCCCTTCCGGTCGCGCGTCATGGTGTCGCGCGAGACGCACACCGGAAGCATCGTGAGGGTCGCGGACATGGCGGCCGTGG	10.152964	10.152964
seed_039	39	AACGACCTTGCGCCTTATAAGACTATGGTTTGCGGAAGTAGCCAGCCATGACTCATGGTTTGGGAGGGGGGTGTTGCGCCGCGCATGCCGGAAGCACTTCCGCCCCGGAAGTAGGAACTTCCGGCTTCCGCCGCGCGCCGGTGACGTCGTATGACGTACTTCCGGTTCGGCGCGAAAATGGCGGCCGATGTGGCTTGAGG	11.59656	12.59656
seed_040	40	AGCTATTTTCTTCTCCAATCCACTGACGTATCATTGGATAGGTATGTGATGACATAATCTCGAGAGTATTAGTTGAGTACGTCACTACCTGTGACGTCGACCCGAATGACGTAAGTCCCTGCGCCTGGCACCGGAAGGGACGCCCTCATTTCCGTTTCGCGGCGCGGAAGGGAAGCCGGAAGAGCCGGATCAGGTGCGGA	9.353424	10.353424
seed_041	41	AGAATGATATTGTTGTCCGCGCCCTAGAATGGCTTGTTATACGTCATACTTCAACAGATTGCTTACGTCACGTAGCCATGTGACATAACCCAGAATGCATCGCGGGAGTCTCGCGAGAGATGACGCACTTCCGCCATTACGTCATCCGGGACGCCGGACCGGAAGTGCCGGAAGTACGTACTTCCGGCGGCGATGGCGGC	11.937799	12.937799
seed_042	42	GAACAGTCATCGGCCTCATTCCTCATGAGTCATACGCTACTTACGGCCTTTGTTACGGAAGTAGTATCTAAAAAAAAGCCAGACCGGAACACTGAATGGCCACACCCTTCCGGAAATGACGTAAAGGCGGAAGTCGGCGCGCGCCATGACGTCATGGCGGAAGTGGCGGTCCGGAAGTCCGGTTCCGTGTGCGGCCAGGA	11.634089	11.6340885
seed_043	43	TTCACCAATCGTAAATACGCCATAGTGCGCTAGGGAACGCAAGTGCGCCGTAGGTCACATTACATCAGGCGCTCGCAATAGCGTAGAGCACGCCTACTCCCGTGATGACGCATACGCCGGGGGGTAGGGCCGCCATGGTGGTGACGTAGGTACGGTCTCACGAGATGGCGGTGAGGTCGGTTGCGGCGGCGGTCTGAGGG	9.455469	10.455469
seed_044	44	CAGTGATCTGAATTGGTCTTAGTTCCTGTACTGGATACGGCCCTATGGATTTCGTAGGGCATTTGTGGTAGCGCTACGTCGCTTACGTCATGCCGCGCGCTCCGGCCGCTCCAATAGCGGGCCGCGCGCTTTACGTCACTTCCGGGTGATGACGTCATCGGTGCGCCGGAAGTTTCTCGCGAGAACGGCCGGAGCCGTTT	10.800601	11.800601
seed_045	45	TGCGACCATAAACCAGCCAATTGATACGCGTTGTGCATAGAAATGACGCATCAGGGCACTTCCTCTACGTGAACCAATAAAGAGGGTAGCGTCATGTCCGGGGTCTCGCGATGGTACATCCCATCGTGCCACGCGCACTCGCGAGACGTCATAGCCGCTTCCGGTGGTGGTCATTTCCGCGGCGCCGGATCCGCGGGTCC	9.366163	10.366163
seed_046	46	GCTGATAAGAATGTAAGGAGAATCCAATCAGAAGAATCAGTTGTAGTACGTAACGCGCAGAGCCATAGAGGCACTTCCCCTATAACGCGATTGCGCGGGAGGAGGGGCTAGGGGAAGCCGGATGTGGCATTCCCGTGCGTGCGTCGGTACGTGGCGGGTCGCTGACGTTTCCGGTGTTCGCGTTGCGGCGAGCCGTCGAT	9.276584	10.276584
seed_047	47	GCATTCGGCCGCGACGCTATTGCGTACTCTTCTGACGTAATCCCGGAAACTACGTCTTTATGTACGTTCCGGTATAGGAGCAGGATCTATTGGTTAACTCTATTAAAGAACGTCACAGGCCGCTATTGCGTCACATCTCGCGAGAATTCTCCGCGCCGCCCGGAAGTGGACGCAATATGGCGGAAGTGCCGGCGATTCGC	9.79482	10.79482
seed_048	48	CCTGGGTAATTGCGGTTTGTATCAGATATCCGGTTAGAGTAACACCCAATCGCGTGCTCCTTTTACGTCAATAGTGCGGCCGGCCCCCTCGCGCGACCATATGACACCATCTGCCCATGACATCATACCCTTGCCGGTGCGTCAGTTACGTCGCGCGTCGGTGCGTCAGGCACCGGATGTTGCCGGTCTCGGGTCCGTTC	9.427904	10.427904
seed_049	49	CTATATGGTTCAGCGTAGAAGTATATCAACTATTGGTTGATTCTCAGCTACTTCCGTCAGTCAATGCGTTATACCAATGAGCGTTGACCATAATGGTAGGGCGGGGACAGAGGAAGTAGTAAATGGCTGCGCGCCCACGTGGGGCGCCATATTGCGACGGTGCGCACTTCCTGCCGGATGTCGGGTCTCCGGCGGCGACC	9.295824	10.295824
seed_050	50	TAACGGATTGGATTACATCCAGAACGCTTTATTGGTTGTCGTCATAAGTAATAGTACACTTCCCTCCCATTCGGATGTGGGCGTGTAGTTCCGGAAGCAAGGTATGGCGCACAGGGAGCTGACGTAAATGCCCAGCGCACCTTTACGGCGTTCTTCCGGGTAGGGGTCGCCCCGGAAGTGCCGAGATGGTCTCGGTCCGG	9.303128	10.303128
