gen,best_fitness,mean_fitness,best_seq
0,5.192087173461914,1.7187446355819702,GCCGATCGCCAAGCGTTGGATGCATGTCAGCATCAACTTGTCTCGTAAGGCCTTGACGTATCCGTATAGATGCTGGTTGGCCCAGCGAGAGCGCGTCCGTTCGCCAGACTTCATCTTATATCTACGACGTCATATCGAACAGCCGCAATGAGCCCTCCCCTACACGCCGGCGTCGCATCCGCTACCGAATGTCAATGGCT
1,5.2307610511779785,2.4391391277313232,GCCGATCGCCAAGCGTTGGATGCATGTCAGCAACAACTTGTCTCGTAAGGCCTTGACGTATCCGTATAGATGCTGGTTGGCCCAGCGAGAGCGCGTCCGTTCGCCAGACTTCATCTTATATCTACGACGTCATATCGAACAGCCGCAATGAGCCCTCCCCTACACGCCGGCGTCGCATCCGCTACCGAATGTCAATGGCT
2,5.5871782302856445,3.647937536239624,GCCAATCGCCAAGCGTTGGATGCATGTCAGCAACAACTTGTCTCGTAAGGCCTTGACGTATCCGTATAGATGCTGGTTGGCCCAGCGAGAGCGCGTCCGTTCGCCAGACTTCATCTTATATCTACGACGTCATATCGAACAGCCGCAATGAGCCCTCCCCTACACGCCGACGTCGCATCCGCTACCGAATGTCAATGGCT
3,6.354317665100098,4.5881500244140625,GCCGATCGCCAAGCGTTGGATGCATGTCAGCAACTACTTGTCTCGTAAGGCCTTGACGTATCCGTATAGATGCTGGTTGGTTCCATAAAGACGCGTCCGTACGCCAGACTTCCTCTTATATCTACGACGTCATATCGAACAGCCGCAATGAGCGCTCCCCTATACGCCGGCGTCGCATCCGCTACCGAGTGCCAATGGCT
4,6.354317665100098,5.086029052734375,GCCGATCGCCAAGCGTTGGATGCATGTCAGCAACTACTTGTCTCGTAAGGCCTTGACGTATCCGTATAGATGCTGGTTGGTTCCATAAAGACGCGTCCGTACGCCAGACTTCCTCTTATATCTACGACGTCATATCGAACAGCCGCAATGAGCGCTCCCCTATACGCCGGCGTCGCATCCGCTACCGAGTGCCAATGGCT
5,6.697451114654541,5.4172043800354,GCCGATCGCCAAGCGTTGGATGCATGTCAGCAACTACTTGTCTCGTAAGGCCTAGACGTATCCGTATAGATGCTGGTTGGTTCCATAAAGACGCGTCCGTACGCCAGACTTCCTCTTATATCTACGACGTCATCTCGAACAGCCGCAATGAGCGCTCCCCTATACGCCGGCGTCGCTTCCGCTACCGAATGTCAATGGCT
6,6.7037811279296875,5.568636417388916,GCCGATCGCCAAGCGTTGGATGCATGTCAGCGACTACTTGTCTGGTAAGGCCTAGCCGTATCCGTATAGATGCTGGTTGGTTCCATAAAGACGCGTCCGTACGCCAGACTTCCTCTTATATCTACGACGTCATCTCGAACAGCCGCACTGAGCGCTCCCCTATACGCCGGCGTCGCTTCCGCTACCGAATGTCAATGGCT
7,6.9516706466674805,5.914572238922119,GCCGATCGCCAAGCGTTGGATGAATGTCAGCAACTACTTGTCTCGTAAGGCCTTTACGTATACGTAGAGATGCTGGTTGGTTCCATTAAGACGCGTCCGTACGCCAGACTTCCTCTTATATCGACGACGTCATAACGTACAGCCGCAATGAGCGCTCCCCTATACGCCGGCGTCGCATCCGCTACCGAGTGCCAATGGCT
8,7.0948591232299805,6.129644870758057,GCCGATCGCCAAGCGTTGGATGAATGTCAGCAACTACTTGTCTCGTAAGGCCTTTACGTATACGTAGAGATGCTGGTTGGTTCCATTAAGACGCGTCCGTACGCCCGACTTCCTCTTATATCGACGACGTCATAACGTACAGCCGCAATGAGCGCTCCCCTATACGCCGGCGTCGCATCCGCTACCGAGTGCCAATGGCT
9,7.249260902404785,6.303989410400391,GCCGATCGCCAAGCGTTGGATGAATGTCAGCAACTACTTGTCTCGTAAGGCCTTTACGTATACGTAGAGATGCTGGTTGGTTCCATTAAGACGCGTCCGTACGCCAGACTTCCTCTTATATCGACGACGTCATAACGTACAGCCGCATTGAGCGCTCCCCTATACGCCGGCGTCGCATCCGGTACCGAGTGCCAATGGCT
10,7.459787368774414,6.482198238372803,GCCGATCGCCAAGCGTTGGATGAATGTCAGCAACTACTTGTCTCGTAAGGCCTTTACGTATACGTAGAGATGCTGGTTGGTTCCATTAAGACGCGTCCGTACGCCCGACTTCCTCTTATATCGACGACGTCATAACGTACAGCCGCAATGAGCGCTCCCCTATACGCCGGCGTCGCATCCGGTACCGAGTGCGAATGGCT
11,7.469740867614746,6.708570957183838,GCCGATCGCTAAGCGTTGCATGAATGTCAGCAACTACTTGTCTCGTAAGGCCTTTACGTATACGTAGAGATGCTGGTTGGTTCCATTAAGACGCGTCCGTACGCCCGACTTCCTCTTATATCGACGACGTCATAACGTACAGCCGCAATGAGCGCTCCCCTATACGCCGGCGTCGCATCCGGTACCGAGTGCGAATGGCT
12,7.5462799072265625,6.696445465087891,GCCGATCGCTAAGCGTTGCATGAATGTCAGCAACTACTTGTCTCGTAAGGCCTTTACGTATACGTAGAGATGCTGGTTGGTTCCATTAAGACGCGTCCGTACGCCCGACTTCCTCTTATCTCGACGACGTCATAACGTACAGCCGCAACGAGCGCTCCCCTATACGCCGGCGTCGCATCCGGTACCGAGTGCGAATGGCT
13,7.5462799072265625,6.764125823974609,GCCGATCGCTAAGCGTTGCATGAATGTCAGCAACTACTTGTCTCGTAAGGCCTTTACGTATACGTAGAGATGCTGGTTGGTTCCATTAAGACGCGTCCGTACGCCCGACTTCCTCTTATCTCGACGACGTCATAACGTACAGCCGCAACGAGCGCTCCCCTATACGCCGGCGTCGCATCCGGTACCGAGTGCGAATGGCT
14,7.580028533935547,7.029350280761719,GCCGATCGCTAAGCGTTGCATGAATGTCAGCAACTACATGTCTCGTAAGGCCTTTACGTATACGTAGAGATGCTGGTTGGTTCCATTAAGACGCGTCCGTACGCCCGACTTCCTCTTATCTCGACGACGTCATAACGTACAGCCGCAACGAGCGCTCCCCTATACGCCGGCGTCGCATCCGGTACCGAGTGCGAATGGCT
15,7.704520225524902,7.118811130523682,GCCGATCGCCAATCGATGGACGCATGTCAGCAACTACTTGTCTCGTAATGCCTTGACGTATCCGCAGAGATGCTGGTTGGTTCCGCGAGAGCTTGTCCGGACGCCCGACTTCCTCTTGTATCGACGACGTCATAACGTACAGCCGCAATGAGCGCTCCCCTATACGCCGGCGTCGCATCCGGTTCCGAGGGCGAATGGCT
16,7.731164932250977,7.2528395652771,GCCGATCACCAAGCGTTGGATGGATGTCAGCAACGACTTGTGTCGTAAGGCCTTTACGTATACGTAGAGATACTGGTTGGTTCCATTAAGACGCGTCCGTACGCCCGACTTCCTCTTGTATCGACGACGTCATAACGTACAGCCGCAATGAGCGCTCCCCTATACGCCGGCGTCGCATCCGGTTCCGAGTGCGAATGGCT
17,7.848428726196289,7.3880934715271,GCCGATCGCCAATCGTTGGACGCATGTCAGCAACTACATGTCTCGTAAGGCCTTGACGTATACGTAGAGATGCTGGTCGTTTCCGCGAGAGCGCGTCCGGACGCCCGACTTCCTCTTATATCTACGACGTCATAACGTACAGCCGCAACGAGCGCTCCCCTTTACGCCGGCGTCGCATCCGGTACCGAGTGCGAATGGCT
18,7.8909454345703125,7.452463626861572,GCCGATCGCCAATCGTTGGACGCATGTCAGCAACTACATGTCTCGTAAGGCCTTGACGTATACGTAGAGATGCTGGTCGTTTCCGCGAGAGCGCGTCCGGACGCCCGACTTCCTCTTATATCTACGACGTCATAACGTACAGTCGCAAGGAGCGCTCCCCTTTACGCCGGCGTCGCATCCGGTACCGAGTGCGAATGGCT
19,7.9191694259643555,7.546549320220947,GCCGATCGCCAATCGTTGGACGCATGTCAGCAACTACATGTGTCGTAAGGCCTTGACGTATACGTAGAGATGCTGGTCGTTTTCGCGAGAGCGCGTCCGGACGCCCGACTTCCTTTTATATCTACGACGTCATAACGTACAGTCGCAACGAGCGCTCCCCTTTACGCCGGCGTCGCATCCGGTACCGAGTGCGAATGGCT
20,7.94416618347168,7.590644836425781,GCCGATCGCCAATCGTTGGACGCATGTCAGCAACTACATGTCTCGTAAGGCCCTGACGTATACGTAGAGATGCTGGTCGTTTCCGCGAGAGGGCGTCCGGACGCCCGACTTCCTCTTATATCTCCGACGTCATAACGTACAGCCGCAACGAGCGCTCCCCTTTACGCCGGCGTCGCATCCGGTACCGAGTGCGAATGGCT
21,7.988607406616211,7.671945095062256,GCCGATCGCCAATCGTTGGACGCATGTCTGCAACTACATGTGTCGTAAGGCCTTGACGTATACGTAGAGATGCTGGTCGTTTTCGCGAGAGCGCGTCCGGACGCCCGACTTCCTTTTATATCTACGACGTCATAACGTACAGTCGCAACGAGCGCTCCCTTTTACGCCGGCGTCGCATCCGGTACCGAGTGCGAGTGGCT
22,7.9996843338012695,7.745031356811523,GCCGATCTCCAATCGTTGGACGCATGTCACCAACTACTTGTGTCGTAAGGCCTTGACGTATACGCAGACATGCTGGTTGGTTTCGCGAGAGCGCATCCGGACGCCCGACTTCCTCTTACATCTACGACGTCATAACGTACAGCCGCAACGAGCGGTCCCCTTTACGCCGGCGTCGCTTCCGGTACCGAGTCCGAATGGCT
23,8.079614639282227,7.749800205230713,GCCGATCTCCAATCGTTGGACGCATGTCTCCAACTACTTGTGTCGTAAGGCCTTGACGTATACGCAGACATGCTGGTTGGTTTCGCGAGAGCGCATCCGGACGCCCGACTTCCTCTTACATCTACGACGTCATAACGTACAGCCGCACCGAGCGGTCCCCTTTACGCCGGCGTCGATTCCGGTACCGAGTCCGAATGGCT
24,8.087435722351074,7.749819278717041,GCCTATCTCCAATCGTTGGACGCATGTCACCAGCCACTTGTGTCGTAAGGCCTTGACGTATACGCAGACATGCTGGTTGGTTTCGCGAGAGCGCATCCGGACGCCCGACTTCCTCTTACATCTCCGACGTCATAACGTACAGCCGCAACGAGCGGTCCCCTTTACGACGGCGTCGCTTCCGGTACCGAGTCCGAATGGCT
25,8.134900093078613,7.812032222747803,GCCGATCGCCAATCGTTCGACGCATGTCAGCAACTACATGTGTCGTAAGGCCTTGACGTATACGCAGACATGCTGGTTGGTTTCGCGAGAGCGCATCCGGACGCCCGACTTCCTCTTACATCTACGACGTCATAACGTACATCCGCACCGAGCGGTCCCCTTTACGCCGGCGTCGATTCCGGTACCGAGTCCGAATGGCT
26,8.176851272583008,7.84820556640625,GCCGATCGCCAATCGTTCGACGCATGTCAGCAACTACATGTGTCGTAAGGCCTTGACGTATACGCAGACATGCTGGTTGGTTTCGCGAGAGCGCATCCGGACGCCCGACTTCCTCTTACATCTACGACGTCATAACGTACATCCGCACCGAGCGGTCCCCTTTACGCCGGCGTCGATTCCGGTGCCGAGTGCGAATGGCT
27,8.176851272583008,7.867996692657471,GCCGATCGCCAATCGTTCGACGCATGTCAGCAACTACATGTGTCGTAAGGCCTTGACGTATACGCAGACATGCTGGTTGGTTTCGCGAGAGCGCATCCGGACGCCCGACTTCCTCTTACATCTACGACGTCATAACGTACATCCGCACCGAGCGGTCCCCTTTACGCCGGCGTCGATTCCGGTGCCGAGTGCGAATGGCT
28,8.176851272583008,7.88983678817749,GCCGATCGCCAATCGTTCGACGCATGTCAGCAACTACATGTGTCGTAAGGCCTTGACGTATACGCAGACATGCTGGTTGGTTTCGCGAGAGCGCATCCGGACGCCCGACTTCCTCTTACATCTACGACGTCATAACGTACATCCGCACCGAGCGGTCCCCTTTACGCCGGCGTCGATTCCGGTGCCGAGTGCGAATGGCT
29,8.250771522521973,7.92059326171875,GCCGCTCGCCAATCGTTGGACGCATGTCAGCAACTACATGTATCGTAAGGCCGTGACGTATACGTAGAGATGCTGGTCGTTTTCGCGAGATCCCGTCCAAACTCCCGACTTCCTCTTACCTCACCGACGTCATAACGTACAGCCGCAACGCGCGGTCCCCTTTACGCCGGCGTCGCTTCCGGTACCGAGTCCGAATGGCG
30,8.292302131652832,7.933419704437256,GCCGATCGCCAATCGTTGGACGCATGTCAGGAACTGCATGTATCGTAAGGCCGTGACGTATACGTAGAGATGCTAGTCGTTTTCGCGAGATCCCGTCCAAACTCCCGACTTCCTCTTACCTCACCGACGTCATAACGTACAGCCGCAACGCGCGGTCCCCTTTACGCCGGCGTCGCTTCCGGTACCGAGTCCGAATGGCG
31,8.325304985046387,7.961981296539307,GCCGATCGCCAATCGTTGGACGCATGTCAGGAACTGCATGTATCGTAAGGCCGTGACGTATACGTAGAGATGCTAGTCGTTTTCGCGAGATCCCGTCCAAACTCCCGACTTCCTCTTACATCTACGACGTCATAACGTACAGTCGCACCGAGCGCTCCCTTTTACGGCGGCGTCGGATCCGGTACCGGGTGCGAGCGGCT
32,8.33484935760498,8.035687446594238,GACGATCGCCAATCGTTGGACGCATGACAGGAACTGCATGTATCGTAAGGCCGTGACGTATACGTAGAGATGCTAGTGGTTTTCGCGAGATCCCGTCCAAACTCCCGACTTCCTCTTACATCTACGACGTCATAACGTACAGTCGCACCGAGCGCTCCCTTTTACGGCGGCGTCGGATCCGGTACCGGGTGCGAGCGGCT
33,8.447593688964844,8.071155548095703,GACGATCGCCAATCGTTGGACGCATGACAGGAACTGCATGTATCGTAAGGCCGTGACGTATACGTAGAGATGCTGGTGGTTTTCGCGAGATCCCGTCCAAACTCCCGACTTCCTCTTACATCTACGACGTCATAACGTACAGTCGCACCGAGCGCTCCCTTTTACGGCGGCGTCGCATCCGGTACCGGGTGCGAGCGGCT
34,8.473970413208008,8.14763355255127,GCCGATCGCCAATCGTTCGACGCATGACAGGAACTGCATGTATCGTAAGGCCGTGACGTATACGTAGAGATGCTAGTGGTTTTCGCGAGATCCCGTACCAACTCCCGACTTCCTCTTACATCTACGACGTCATAACGTACAGTCGCACCGAGCGCTCCATTTTACGGCGGCGTCGGATCCGGTACCGGGTGCGAGCGGCT
35,8.510647773742676,8.16137409210205,GCCGATCGCCAATCGTTGGACGCATGTCAGGAACTGCATGTATCGTAAGGCCGTGACGTATACGTAGAGATGCTAATCCTTTTCGCGAGATACCGTCCAAACTCCCGACTTCCTCTTACATCTACGACGTCATAACGTACAGTCGCACCGAGCGGTCCCTTTTACGGCGGCGTCGCATCCGGTACCGGGTGCGAGCGGCT
36,8.510647773742676,8.177970886230469,GCCGATCGCCAATCGTTGGACGCATGTCAGGAACTGCATGTATCGTAAGGCCGTGACGTATACGTAGAGATGCTAATCCTTTTCGCGAGATACCGTCCAAACTCCCGACTTCCTCTTACATCTACGACGTCATAACGTACAGTCGCACCGAGCGGTCCCTTTTACGGCGGCGTCGCATCCGGTACCGGGTGCGAGCGGCT
37,8.621759414672852,8.158336639404297,GCCGATTGCCAATCGTTAGACGCATGTTAGCACCCACATGTGTAGTAAGGCCGTGACGTATACGTAGAGATACTAATGGTTTTCGCGAGATCCCGTACAAACTCCCGACTTCCTCTTACATCTACGACGTCATAACGTACAGTCGCACCGAGCGCTCCATTTTACGGCGGCGTCGGTTCCGGTACCGGGTGCGAGCGGCT
38,8.677358627319336,8.167675971984863,GACGATCGCTAATGGTTGGGCGTATGACAGGAACTCCATGTATCGTCAGGAGGTGACGTATACGTAGAGATGCTGGTGGTTTTCGCGAGATACCGTCCAAACTCCCGACTTCCTCTTACATCTACGACGTCATAACGTACAGTCGCACCGAGGGCTCCATTTTACGGCGGCGTCGGTTCCGGTACCGGGTGCGAGCGGCT
39,8.717740058898926,8.20607852935791,GACGATCGCTAAAGGTTGGACGTATGACAGGAACTCCATGTATCGTCAGGAGGTGACGTATACGTAGAGATGCTAGTGGTTTTCGCGAGATCCCGTACAAACTCCCGACTTCCTCTTACATCTACGACGTCATAACGTACAGTCGCACCGAGCGCTCCATTTTACGGCGGCGTCGGTTCCGGTACCGGGTGCGAGCGGCT
40,8.717740058898926,8.281126976013184,GACGATCGCTAAAGGTTGGACGTATGACAGGAACTCCATGTATCGTCAGGAGGTGACGTATACGTAGAGATGCTAGTGGTTTTCGCGAGATCCCGTACAAACTCCCGACTTCCTCTTACATCTACGACGTCATAACGTACAGTCGCACCGAGCGCTCCATTTTACGGCGGCGTCGGTTCCGGTACCGGGTGCGAGCGGCT
41,8.852779388427734,8.34939193725586,GCCGAACGCCAATCCTTCGACGCATGGCAGGAACTGCATGTATCGTAAGGGCGTGACGTATACGTAGAGATGCTATTGGTTTTCGCGAGTTCCCGTCCACACTCCCCACTTCCTCTTACCCCACCGACGTCATAACGTACAGTCGCACCGAGCGCTCCATTTTACGGCGGCGTCGGTTCCGGTACCGGGTGCGAGCGGCT
42,8.911584854125977,8.3820219039917,GCCGAACGCCAATCGTAAGACGCATGTCAGCAACCACATGTGTCGTAAGGCTGTGACGTATACGTAGAGATGCTATTGGTTTTCGCGAGTTCCCGTCCACACTCCCCACTTCCTCTTACCCCACCGACGTCATAACGTACAGTCGCACCGAGCGCTCCATTTTACGGCGGCGTCGGTTCCGGTACCGGGTGCGAGCGGCT
43,8.911584854125977,8.34669017791748,GCCGAACGCCAATCGTAAGACGCATGTCAGCAACCACATGTGTCGTAAGGCTGTGACGTATACGTAGAGATGCTATTGGTTTTCGCGAGTTCCCGTCCACACTCCCCACTTCCTCTTACCCCACCGACGTCATAACGTACAGTCGCACCGAGCGCTCCATTTTACGGCGGCGTCGGTTCCGGTACCGGGTGCGAGCGGCT
44,8.911584854125977,8.416213989257812,GCCGAACGCCAATCGTAAGACGCATGTCAGCAACCACATGTGTCGTAAGGCTGTGACGTATACGTAGAGATGCTATTGGTTTTCGCGAGTTCCCGTCCACACTCCCCACTTCCTCTTACCCCACCGACGTCATAACGTACAGTCGCACCGAGCGCTCCATTTTACGGCGGCGTCGGTTCCGGTACCGGGTGCGAGCGGCT
45,8.92632007598877,8.435576438903809,GCCGAACGCCAATCGTAAGACGCATGTCAGCAACCACATGTGTCGTAAGGCTGTGACGTATACGTAGAGACGCTATTGGTTTTCGCGAGTTCCCGTCCACACTCCCCACTTCCTCTTACCCCACCGACGTCATAACGTACTGTCGCACCGAGCGCTCCATTTTACGGCGGCGTCGGTTCCGGTACCGGGTGCGAGCGGCT
46,8.92632007598877,8.441451072692871,GCCGAACGCCAATCGTAAGACGCATGTCAGCAACCACATGTGTCGTAAGGCTGTGACGTATACGTAGAGACGCTATTGGTTTTCGCGAGTTCCCGTCCACACTCCCCACTTCCTCTTACCCCACCGACGTCATAACGTACTGTCGCACCGAGCGCTCCATTTTACGGCGGCGTCGGTTCCGGTACCGGGTGCGAGCGGCT
47,8.92632007598877,8.538422584533691,GCCGAACGCCAATCGTAAGACGCATGTCAGCAACCACATGTGTCGTAAGGCTGTGACGTATACGTAGAGACGCTATTGGTTTTCGCGAGTTCCCGTCCACACTCCCCACTTCCTCTTACCCCACCGACGTCATAACGTACTGTCGCACCGAGCGCTCCATTTTACGGCGGCGTCGGTTCCGGTACCGGGTGCGAGCGGCT
48,9.015764236450195,8.565648078918457,GCCGATCGCTAAAGGTTGGACGTATGACAGGAACTCCATGTATCGTCAGGAGGTGACGTATACGTAGAGATGCTTGTGGTTTTCGCGAGTTCCCGTCCACACTCCCCACTTCCTCTTACCCCACCGACGTCATAACGTACTGTCGCACCGCGCGCTCCATTTTACGGCGGCGTCGGTTCCGGTACCGGGTGCGAGCGGCT
49,9.015764236450195,8.553752899169922,GCCGATCGCTAAAGGTTGGACGTATGACAGGAACTCCATGTATCGTCAGGAGGTGACGTATACGTAGAGATGCTTGTGGTTTTCGCGAGTTCCCGTCCACACTCCCCACTTCCTCTTACCCCACCGACGTCATAACGTACTGTCGCACCGCGCGCTCCATTTTACGGCGGCGTCGGTTCCGGTACCGGGTGCGAGCGGCT
50,9.019257545471191,8.586185455322266,GCCGATCGCTAAAGGTTGGACCTATGACAGGAACTCCATGTATCGTCAGGAGGTGACGTATACGTAGAGATGCTTGTGGTTTTCGCGAGTTCCCGTCCACACTCCCCACTTCCTCTTACCCCACCGACGTCATAACGTACTGTCGCACTGCGCGCTCCATTTTACGGCGGCGTCGGTTCCGGTACCGGGTGCGAGCGGCT
51,9.02491569519043,8.59946346282959,GCCGATCGCTAAAGGTTGGACGTATGACAGGAACTCCATGTATCGTCAGGAGGTGACGTATACGTAGAGATGCTTGTGGTTTTCGCGAGTTCCCGTCCCCACTCCCCACTTCCTCTTACCCCACCGACGTCATAACGTACTGTCGCACCGCGCGCTCCATTTTACGGCGGCGTCGGTTCCGGTACCGGGTGCGAGCGGCT
52,9.02491569519043,8.549758911132812,GCCGATCGCTAAAGGTTGGACGTATGACAGGAACTCCATGTATCGTCAGGAGGTGACGTATACGTAGAGATGCTTGTGGTTTTCGCGAGTTCCCGTCCCCACTCCCCACTTCCTCTTACCCCACCGACGTCATAACGTACTGTCGCACCGCGCGCTCCATTTTACGGCGGCGTCGGTTCCGGTACCGGGTGCGAGCGGCT
53,9.02491569519043,8.667747497558594,GCCGATCGCTAAAGGTTGGACGTATGACAGGAACTCCATGTATCGTCAGGAGGTGACGTATACGTAGAGATGCTTGTGGTTTTCGCGAGTTCCCGTCCCCACTCCCCACTTCCTCTTACCCCACCGACGTCATAACGTACTGTCGCACCGCGCGCTCCATTTTACGGCGGCGTCGGTTCCGGTACCGGGTGCGAGCGGCT
54,9.02491569519043,8.690428733825684,GCCGATCGCTAAAGGTTGGACGTATGACAGGAACTCCATGTATCGTCAGGAGGTGACGTATACGTAGAGATGCTTGTGGTTTTCGCGAGTTCCCGTCCCCACTCCCCACTTCCTCTTACCCCACCGACGTCATAACGTACTGTCGCACCGCGCGCTCCATTTTACGGCGGCGTCGGTTCCGGTACCGGGTGCGAGCGGCT
55,9.02491569519043,8.68213939666748,GCCGATCGCTAAAGGTTGGACGTATGACAGGAACTCCATGTATCGTCAGGAGGTGACGTATACGTAGAGATGCTTGTGGTTTTCGCGAGTTCCCGTCCCCACTCCCCACTTCCTCTTACCCCACCGACGTCATAACGTACTGTCGCACCGCGCGCTCCATTTTACGGCGGCGTCGGTTCCGGTACCGGGTGCGAGCGGCT
56,9.112038612365723,8.617987632751465,GCCGATCGCTAGAGGTTGGACGTATGACAGGAACTCCATGTATCGTCAGGAGGTGACGTATACGTAGAGATGCTTGTGGTTTTCGCGAGTTCCCGTCCTCCCTGGGCACTTCCTCTTACCTCACCTACGTCATAACGTACAGTCGCACCGCGCGCGCCATTTTACGGCGGCGTCGGTTCCGGTACCGGGTGCGACCGGCT
57,9.116399765014648,8.705511093139648,GACGATCGCTAAAGGATGGATGTAAGACAGGAACTCCATGTATCGTCAGGAGGTGACGTATACGTAGAGATGTTTGTGGTTTTCGCGAGTTCCCGTCCTCCCTGGGCACTTCCTCTTACCTCACCTACGTCATAACGTACAGTTGCACCGCGCTCGCCATTTTACGGCGGCGTCGGTTCCGGTACCGGGTGCGACCGGCT
58,9.126106262207031,8.668621063232422,GCCTATCGCTAGAGGTTGGACGTATGACAGGAACTCCATGTATCGTCAGGAGGTGACGTATACGTAGAGATGCTTGTGGTTTTCGCGAGTTCCCGTCCTCCCTGGGCACTTCCTCTTACCTCACCTACGTCATAACGTACAGTCGCACCGCGCGCGCCATTTTACGGCGGCGTCGGTTCCGGTACCGGGTGCGACCGGCT
59,9.126106262207031,8.709699630737305,GCCTATCGCTAGAGGTTGGACGTATGACAGGAACTCCATGTATCGTCAGGAGGTGACGTATACGTAGAGATGCTTGTGGTTTTCGCGAGTTCCCGTCCTCCCTGGGCACTTCCTCTTACCTCACCTACGTCATAACGTACAGTCGCACCGCGCGCGCCATTTTACGGCGGCGTCGGTTCCGGTACCGGGTGCGACCGGCT
60,9.158782958984375,8.736815452575684,GACGATCGCTAAAGGATGGATGTAAGACAGGAACTCCATGTACCGTCAGGAGGTGACGTATACGTAGAGATGTTTGTGGTTTTCGCGAGTTCCCGTCATCCCTGGGCACTTCCTCTTACCTCACCTACGTCATAACGTACAGTTGCACCGCGCTCGCCATTTTACGGCGGCGTCGGTTCCGGTACCGGGTGCGACCGGCT
61,9.158782958984375,8.811980247497559,GACGATCGCTAAAGGATGGATGTAAGACAGGAACTCCATGTACCGTCAGGAGGTGACGTATACGTAGAGATGTTTGTGGTTTTCGCGAGTTCCCGTCATCCCTGGGCACTTCCTCTTACCTCACCTACGTCATAACGTACAGTTGCACCGCGCTCGCCATTTTACGGCGGCGTCGGTTCCGGTACCGGGTGCGACCGGCT
62,9.221275329589844,8.821041107177734,GCCTATCGCTAGAGGTTGGACGTATGACAGGAACTCCATGTATCGTCAGGAGGTGACGTATACGTAGAGATGCTAGTGGTTTTCGCGAGTTCCCGTCCTCCCTGGGCACTTCCTCTTACCTCACCTACGTCATAACGTACAGTCGCACCGCGCGCGCCATTTTATGGCGGCGTCGGTTCCGGTACCGGGTGCGACCGGCT
63,9.221275329589844,8.812084197998047,GCCTATCGCTAGAGGTTGGACGTATGACAGGAACTCCATGTATCGTCAGGAGGTGACGTATACGTAGAGATGCTAGTGGTTTTCGCGAGTTCCCGTCCTCCCTGGGCACTTCCTCTTACCTCACCTACGTCATAACGTACAGTCGCACCGCGCGCGCCATTTTATGGCGGCGTCGGTTCCGGTACCGGGTGCGACCGGCT
64,9.221275329589844,8.797492980957031,GCCTATCGCTAGAGGTTGGACGTATGACAGGAACTCCATGTATCGTCAGGAGGTGACGTATACGTAGAGATGCTAGTGGTTTTCGCGAGTTCCCGTCCTCCCTGGGCACTTCCTCTTACCTCACCTACGTCATAACGTACAGTCGCACCGCGCGCGCCATTTTATGGCGGCGTCGGTTCCGGTACCGGGTGCGACCGGCT
65,9.221275329589844,8.821990013122559,GCCTATCGCTAGAGGTTGGACGTATGACAGGAACTCCATGTATCGTCAGGAGGTGACGTATACGTAGAGATGCTAGTGGTTTTCGCGAGTTCCCGTCCTCCCTGGGCACTTCCTCTTACCTCACCTACGTCATAACGTACAGTCGCACCGCGCGCGCCATTTTATGGCGGCGTCGGTTCCGGTACCGGGTGCGACCGGCT
66,9.221275329589844,8.782100677490234,GCCTATCGCTAGAGGTTGGACGTATGACAGGAACTCCATGTATCGTCAGGAGGTGACGTATACGTAGAGATGCTAGTGGTTTTCGCGAGTTCCCGTCCTCCCTGGGCACTTCCTCTTACCTCACCTACGTCATAACGTACAGTCGCACCGCGCGCGCCATTTTATGGCGGCGTCGGTTCCGGTACCGGGTGCGACCGGCT
67,9.221275329589844,8.853543281555176,GCCTATCGCTAGAGGTTGGACGTATGACAGGAACTCCATGTATCGTCAGGAGGTGACGTATACGTAGAGATGCTAGTGGTTTTCGCGAGTTCCCGTCCTCCCTGGGCACTTCCTCTTACCTCACCTACGTCATAACGTACAGTCGCACCGCGCGCGCCATTTTATGGCGGCGTCGGTTCCGGTACCGGGTGCGACCGGCT
68,9.221275329589844,8.846192359924316,GCCTATCGCTAGAGGTTGGACGTATGACAGGAACTCCATGTATCGTCAGGAGGTGACGTATACGTAGAGATGCTAGTGGTTTTCGCGAGTTCCCGTCCTCCCTGGGCACTTCCTCTTACCTCACCTACGTCATAACGTACAGTCGCACCGCGCGCGCCATTTTATGGCGGCGTCGGTTCCGGTACCGGGTGCGACCGGCT
69,9.256938934326172,8.84813404083252,GCCTATCGCTAGAGGTTGGACGTATGACAGGAACTCCATGTATCGTCAGGAGGTGACGTATACGTAGAGATGCTAGTGGTTTTCGCGAGTTCCCGTCCTCCCTGGGCACTTCCTCTTACCTCACCTACGTCATAACGTACAGTCGCACCGCGCGCGCCATTTTATGGCGGCGTCGGTTCCGGTACCGGGTGCGGCCGGCT
70,9.28477668762207,8.89936351776123,GCCTATCGCTAGAGGTCGGACGTATGACAGGAACTGCAAGTTTCGTGAGGAGGTGACGTATACATCGAGATGTTAGTGGTTTTCGCGAGTTCCCGTCATCCCTGGGCACTTCCCCTTACCTCACCTACGTCATAACGTACAGTCGCACCGCGCGCGCCATTTTATGGCGGCGTCGGTTCCGGTACCGGGTGCGGCCGGCT
71,9.287572860717773,8.886645317077637,GCCTAGCGCTAGAGGTTGGACGTATGACAGGAACTCCAAGTTACGTGAGGAGGTGACGTATACTTCGAAATGTTTGTGGTTTTCGCGAGTTCCCGTCATCCCTGGGCACTTCCCCTTACCTCACCTACGTCATAACGTACAGTTGCACCGCGCGCGCCATTTTATGGCGGCGTCGGTTCCGGTACCGGGTGCGGCCGGCT
72,9.287572860717773,8.906009674072266,GCCTAGCGCTAGAGGTTGGACGTATGACAGGAACTCCAAGTTACGTGAGGAGGTGACGTATACTTCGAAATGTTTGTGGTTTTCGCGAGTTCCCGTCATCCCTGGGCACTTCCCCTTACCTCACCTACGTCATAACGTACAGTTGCACCGCGCGCGCCATTTTATGGCGGCGTCGGTTCCGGTACCGGGTGCGGCCGGCT
73,9.288551330566406,8.95002269744873,GCCTATCGCTAGAGGTCGGACGTATGACAGGAACTGCAAGTTTCGTGAGGAGGTGACGTATACATCGAGCTGTTAGTGGTTTTCGCGAGTTCCCGTCATCCCTGGGCACTTCCCCTTGCCTCACCTACGTCATAACGTACAGTCGCACCGCGCGCGCCATTTTATGGCGGCGTCGGTTCCGGTACCTGGTGCGGCCGGCT
74,9.324813842773438,8.962774276733398,GCCACATGCTAGAGTTTGGAAGTATGACAGGAACTGCAAGTTTCGTGAGGAGGTGACGTATACATCGAGATGTTAGTGGTTTTCGCGAGTTCCCGTCATCCCTGGGCACTTCCCCTTACCTCACGTACGTCATAACGTACAGTTGCACCGCGCGCGCCATTTTATGGCGGCGTCGGTTCCGGTACCGGGTGCGGCCGGCT
75,9.324813842773438,8.967591285705566,GCCACATGCTAGAGTTTGGAAGTATGACAGGAACTGCAAGTTTCGTGAGGAGGTGACGTATACATCGAGATGTTAGTGGTTTTCGCGAGTTCCCGTCATCCCTGGGCACTTCCCCTTACCTCACGTACGTCATAACGTACAGTTGCACCGCGCGCGCCATTTTATGGCGGCGTCGGTTCCGGTACCGGGTGCGGCCGGCT
76,9.362882614135742,8.963932991027832,GCCTATCGCTAGAGGTGGGACGTATGACAGGAACTGCAAGTTTCGTGAGGAGGTGACGTATACATAGAGATGTTAGTGGTTTTCGCGAGTTCCCGTCATCCCTGGGCACTTCCCCTTACCTCACGTACGTCATAACGTACAGTTGCACCGCGCGCGCCATTTTATGGCGGCGACGGTTCCGGTACCGGGTGCGGCCGGCT
77,9.362882614135742,8.96260929107666,GCCTATCGCTAGAGGTGGGACGTATGACAGGAACTGCAAGTTTCGTGAGGAGGTGACGTATACATAGAGATGTTAGTGGTTTTCGCGAGTTCCCGTCATCCCTGGGCACTTCCCCTTACCTCACGTACGTCATAACGTACAGTTGCACCGCGCGCGCCATTTTATGGCGGCGACGGTTCCGGTACCGGGTGCGGCCGGCT
78,9.366007804870605,8.984859466552734,GACACATGCTAGAGTTTGGAAGTATGACAGGAACTGCAAGTTTCGTGAGGAGGTGACGTATACATCGAGATGTTAGTGGTTTTCGCGAGTTCCCGTCATCCCTGGGCACTTCCCCTTACCTCACGTACGTCATAACGTACAGTCGCACCGCGCGCGCCATTTTATGGCGGCGCCGGTTCCGGTACCGGGTCCGGCCGGCT
79,9.366007804870605,8.976424217224121,GACACATGCTAGAGTTTGGAAGTATGACAGGAACTGCAAGTTTCGTGAGGAGGTGACGTATACATCGAGATGTTAGTGGTTTTCGCGAGTTCCCGTCATCCCTGGGCACTTCCCCTTACCTCACGTACGTCATAACGTACAGTCGCACCGCGCGCGCCATTTTATGGCGGCGCCGGTTCCGGTACCGGGTCCGGCCGGCT
